customer_id;checking;savings;money_market;cd;credit_card;personal_loan;auto_loan;mortgage;heloc;student_loan;investment_account;life_insurance
C100000;1;1;0;1;1;0;0;0;0;0;0;0
C100001;1;1;0;1;0;0;1;0;0;0;0;0
C100002;1;1;0;0;0;0;0;0;0;0;0;0
C100003;1;0;0;0;0;1;0;0;0;0;0;0
C100004;1;1;1;0;0;0;0;0;0;0;1;0
C100005;1;1;1;0;1;0;0;0;0;1;0;0
C100006;1;0;0;0;0;0;0;0;0;0;0;0
C100007;1;1;0;0;0;0;0;0;0;0;0;1
C100008;1;1;0;0;1;0;0;0;0;0;0;0
C100009;1;0;0;0;0;0;0;0;0;0;0;1
C100010;1;1;0;1;1;0;0;1;1;0;1;0
C100011;1;1;1;0;0;1;0;0;0;0;0;0
C100012;1;1;0;1;0;1;0;0;0;1;0;0
C100013;1;1;0;0;1;0;0;0;0;0;0;0
C100014;1;1;0;0;1;0;1;1;0;0;0;1
C100015;1;1;0;1;1;0;0;0;0;0;0;0
C100016;1;1;1;0;0;0;1;1;0;0;1;0
C100017;1;1;1;0;0;0;0;0;0;0;0;0
C100018;1;1;0;0;1;0;0;0;0;0;0;1
C100019;1;1;0;0;0;0;0;0;0;0;0;0
C100020;1;1;0;0;0;0;0;0;0;0;0;0
C100021;1;1;0;1;1;1;1;0;0;0;0;1
C100022;1;1;0;0;1;0;0;0;0;0;0;0
C100023;1;1;0;0;0;0;0;1;1;0;0;1
C100024;1;1;0;0;0;0;0;0;0;0;0;0
C100025;1;1;0;0;1;0;1;1;1;0;0;1
C100026;1;0;0;0;1;1;0;0;0;0;0;0
C100027;1;1;0;0;1;0;0;1;0;1;0;0
C100028;1;1;1;1;0;0;0;0;0;0;0;0
C100029;1;1;0;0;1;0;0;1;0;0;0;0
C100030;1;0;0;1;1;0;0;0;0;0;0;0
C100031;1;1;0;0;0;0;0;0;1;0;0;0
C100032;1;0;0;0;0;0;0;0;0;0;1;0
C100033;1;0;0;0;1;0;0;0;1;0;0;0
C100034;1;0;0;0;0;0;0;0;0;0;1;0
C100035;1;1;0;0;0;0;0;0;0;0;0;1
C100036;1;1;0;1;1;0;0;0;0;0;0;1
C100037;1;0;0;0;1;1;0;0;0;0;1;0
C100038;1;0;0;0;0;1;1;1;1;0;1;0
C100039;1;0;0;0;1;0;0;0;0;1;0;0
C100040;1;1;0;1;0;0;1;0;0;0;0;0
C100041;0;1;0;0;0;0;0;0;0;0;1;0
C100042;1;1;1;0;1;0;1;0;0;0;0;0
C100043;1;0;0;0;1;1;0;1;0;0;0;0
C100044;1;1;0;0;0;1;1;0;0;0;0;0
C100045;1;1;0;1;0;0;0;0;0;0;0;1
C100046;1;0;0;0;0;0;0;0;0;0;0;1
C100047;1;1;0;0;0;0;0;0;0;1;0;1
C100048;1;0;0;0;1;1;0;0;0;0;0;0
C100049;1;1;0;0;0;0;0;0;0;0;1;0
C100050;1;1;0;1;1;0;0;0;0;0;0;1
C100051;1;1;0;0;0;0;0;1;1;0;0;0
C100052;1;0;0;0;1;0;0;0;1;0;0;1
C100053;1;1;0;0;1;0;0;0;0;0;0;1
C100054;1;1;0;0;0;0;0;0;0;1;0;0
C100055;1;0;0;0;0;0;0;0;0;0;0;0
C100056;1;1;0;0;1;1;1;0;0;0;0;0
C100057;1;1;0;1;1;0;0;0;0;0;0;0
C100058;1;1;0;0;0;0;0;0;0;0;0;0
C100059;1;1;0;0;0;0;0;0;0;1;0;0
C100060;1;1;0;0;1;0;0;0;0;0;1;0
C100061;1;1;0;0;1;0;0;0;0;0;0;0
C100062;1;1;0;0;1;0;0;0;0;1;0;0
C100063;1;1;0;0;0;0;0;0;0;0;0;1
C100064;1;1;0;0;0;0;0;0;0;0;0;0
C100065;1;1;0;0;0;1;0;0;0;0;0;0
C100066;1;1;0;0;0;0;0;0;0;0;0;1
C100067;1;1;0;1;1;1;0;0;0;0;0;0
C100068;1;1;0;0;0;1;1;0;0;0;0;0
C100069;1;1;0;1;0;0;0;0;0;0;0;1
C100070;1;1;0;0;1;0;0;1;0;0;0;1
C100071;1;0;0;0;1;0;0;0;0;0;0;0
C100072;1;1;1;0;0;0;0;0;0;0;0;0
C100073;1;0;0;0;0;0;0;0;1;0;0;0
C100074;1;0;0;0;1;0;0;0;0;0;0;0
C100075;1;1;0;1;0;0;0;0;0;0;0;0
C100076;1;1;1;0;0;0;0;0;0;1;1;0
C100077;1;1;0;0;1;0;0;0;0;0;0;0
C100078;1;0;0;0;1;1;1;0;0;0;0;1
C100079;1;1;1;0;1;0;1;1;1;1;0;0
C100080;1;1;0;0;0;0;0;0;0;0;0;0
C100081;1;1;0;0;1;0;0;0;0;0;1;1
C100082;1;0;0;0;1;0;1;0;1;0;1;0
C100083;1;0;0;0;0;0;1;1;0;0;1;1
C100084;1;1;0;0;0;1;1;0;0;0;0;1
C100085;1;1;0;0;1;0;0;0;0;0;0;0
C100086;1;1;0;0;1;1;1;0;0;0;0;0
C100087;1;1;1;0;0;0;0;0;1;0;0;0
C100088;1;0;0;0;0;0;0;0;1;0;1;0
C100089;1;1;0;1;0;0;1;0;0;0;0;0
C100090;0;1;0;0;1;0;0;0;1;0;0;0
C100091;1;1;0;0;0;0;1;0;0;0;0;0
C100092;1;0;0;0;0;0;0;0;0;0;0;1
C100093;1;0;0;0;0;1;1;0;0;0;0;0
C100094;1;1;0;1;0;0;0;0;0;0;0;0
C100095;1;0;0;0;1;0;0;0;0;0;0;1
C100096;1;1;0;0;1;0;1;0;0;0;1;0
C100097;1;1;0;1;0;1;1;1;0;0;1;1
C100098;1;1;0;0;0;0;0;1;0;0;0;0
C100099;1;1;1;0;0;1;1;0;0;0;0;0
C100100;1;1;0;1;1;0;0;0;0;0;1;0
C100101;1;0;0;0;0;0;0;0;0;0;0;0
C100102;1;1;0;0;0;1;0;0;0;0;0;0
C100103;1;1;0;1;1;0;0;0;0;1;0;0
C100104;1;1;0;1;1;1;0;1;1;1;0;0
C100105;1;1;0;0;0;0;0;0;0;0;0;0
C100106;1;0;0;0;0;0;0;0;0;0;0;0
C100107;1;1;0;0;0;1;1;0;0;0;0;0
C100108;1;1;1;0;0;1;1;0;0;0;0;0
C100109;1;0;0;0;1;0;0;0;0;1;0;0
C100110;1;1;0;1;1;0;0;1;1;0;0;0
C100111;1;1;0;1;0;0;0;0;0;0;1;0
C100112;1;1;0;0;0;0;1;0;0;0;1;0
C100113;1;1;0;0;0;0;0;0;1;0;0;0
C100114;1;0;0;0;0;1;1;0;0;0;0;0
C100115;1;0;0;0;1;1;1;0;0;0;0;0
C100116;1;1;0;0;0;0;0;0;0;0;1;0
C100117;1;0;0;0;1;0;0;0;1;0;0;1
C100118;1;1;0;0;1;0;0;0;0;0;0;0
C100119;1;1;0;1;1;0;0;0;0;0;0;0
C100120;1;1;0;1;1;0;0;0;0;0;0;0
C100121;1;1;0;0;1;0;0;0;0;0;0;0
C100122;1;1;0;0;1;1;1;0;0;0;1;0
C100123;1;1;1;0;1;0;1;0;0;0;0;0
C100124;1;0;0;0;1;0;0;0;0;0;0;1
C100125;1;1;0;0;0;0;0;0;0;1;0;0
C100126;1;1;0;0;1;0;0;1;0;0;0;1
C100127;1;1;0;0;1;0;1;0;0;0;0;0
C100128;1;1;0;0;0;1;0;0;0;0;0;0
C100129;1;1;0;0;0;0;0;0;0;0;0;0
C100130;1;1;0;0;0;0;0;0;0;1;0;0
C100131;1;0;0;0;1;1;0;1;0;0;0;0
C100132;1;1;0;0;0;1;1;0;0;0;0;0
C100133;1;1;0;1;1;0;1;0;0;0;0;0
C100134;1;1;0;0;1;0;0;1;1;0;0;0
C100135;1;1;0;0;1;0;0;0;0;0;1;1
C100136;1;1;0;0;0;0;1;1;1;0;0;1
C100137;1;1;0;0;1;0;0;0;0;0;0;0
C100138;1;1;1;1;1;1;1;1;0;0;1;1
C100139;1;1;0;0;1;0;1;1;1;0;0;0
C100140;1;1;0;1;0;0;0;0;0;0;0;0
C100141;1;1;1;0;0;0;1;0;0;0;0;0
C100142;1;1;0;0;1;1;0;0;0;0;0;0
C100143;1;0;0;0;0;0;0;1;0;0;0;0
C100144;1;1;0;1;0;0;1;1;1;0;1;1
C100145;1;0;0;0;0;0;1;0;0;0;0;0
C100146;1;1;0;0;1;1;0;0;0;0;0;0
C100147;1;0;0;0;0;1;1;0;0;0;0;0
C100148;1;1;0;0;1;0;0;0;0;0;0;0
C100149;1;0;0;0;0;0;0;0;0;1;0;0
C100150;1;1;0;0;1;0;0;0;0;0;0;0
C100151;1;0;0;0;1;0;0;0;1;0;0;0
C100152;1;1;1;0;1;1;1;0;0;0;0;0
C100153;1;1;0;1;0;0;1;0;0;0;0;0
C100154;1;1;0;0;1;0;1;0;0;0;0;0
C100155;1;0;0;0;0;0;0;0;0;0;0;0
C100156;1;1;0;0;1;0;0;1;0;0;0;1
C100157;1;0;0;0;0;0;1;0;0;0;0;0
C100158;1;1;0;0;0;0;1;0;0;0;0;1
C100159;0;1;0;0;0;0;0;0;0;0;0;0
C100160;1;1;0;1;0;0;0;0;0;0;0;1
C100161;1;0;0;0;0;0;0;0;0;0;1;0
C100162;1;0;0;0;1;0;0;0;0;0;0;0
C100163;1;0;0;0;0;0;0;0;0;0;0;1
C100164;1;1;0;1;1;0;0;1;1;0;1;1
C100165;1;1;0;0;0;0;0;0;0;0;0;0
C100166;1;0;0;0;0;0;0;0;0;0;0;0
C100167;1;1;0;0;1;0;0;0;0;0;0;0
C100168;1;0;0;0;1;0;0;0;0;0;0;0
C100169;1;0;0;0;0;0;1;0;0;1;0;0
C100170;1;0;0;0;0;0;0;0;0;1;0;0
C100171;1;0;0;0;0;1;0;0;0;0;0;0
C100172;1;1;1;1;0;0;0;0;0;0;0;0
C100173;1;1;0;0;0;0;1;0;0;0;0;0
C100174;1;0;0;0;0;0;0;0;0;0;0;0
C100175;1;1;0;0;1;0;0;0;0;1;0;0
C100176;1;0;0;0;1;0;1;1;1;0;1;1
C100177;1;1;0;0;0;0;0;0;0;0;0;0
C100178;1;1;0;0;0;0;0;0;0;0;0;0
C100179;1;0;0;0;0;0;0;0;0;1;0;0
C100180;1;1;0;0;1;0;0;1;1;0;0;1
C100181;1;1;0;0;1;0;0;1;1;0;1;0
C100182;0;1;0;1;1;0;0;1;0;0;0;0
C100183;1;1;0;1;1;1;0;1;1;0;0;1
C100184;1;1;0;0;1;0;0;1;1;0;0;1
C100185;1;1;0;1;0;0;0;0;0;0;0;0
C100186;1;0;0;0;1;0;0;0;0;0;1;0
C100187;1;0;0;0;0;0;1;0;0;1;0;1
C100188;1;1;0;1;1;0;0;0;0;0;0;1
C100189;1;1;0;1;0;0;0;0;0;0;0;0
C100190;1;0;1;0;1;0;0;0;0;0;0;0
C100191;1;1;0;0;1;0;0;0;0;0;0;0
C100192;1;1;0;0;1;0;0;0;0;0;0;0
C100193;1;1;0;0;0;0;0;0;0;0;0;1
C100194;1;1;0;0;0;1;1;0;0;0;0;1
C100195;1;1;1;0;0;1;1;0;0;0;0;0
C100196;1;0;0;0;1;0;0;0;0;0;0;0
C100197;1;1;0;0;0;0;0;0;0;1;0;0
C100198;1;1;0;0;1;0;0;0;0;0;0;0
C100199;1;1;0;0;1;0;0;1;0;0;0;0
C100200;1;1;1;0;0;0;0;1;0;0;0;1
C100201;1;0;0;0;0;0;0;0;0;0;0;0
C100202;1;0;0;0;1;1;1;0;0;1;0;0
C100203;0;0;0;1;1;0;1;1;0;0;0;1
C100204;1;1;0;0;0;0;0;0;0;1;0;0
C100205;1;0;0;0;1;1;0;0;0;0;0;0
C100206;1;0;0;0;1;1;0;0;0;0;0;1
C100207;1;0;1;0;0;0;0;1;1;0;0;0
C100208;1;1;0;0;0;0;1;0;0;0;1;0
C100209;1;1;0;0;0;0;0;0;0;0;0;0
C100210;1;1;1;0;0;0;0;0;0;0;1;0
C100211;1;0;0;0;0;0;1;0;1;0;1;0
C100212;1;1;1;0;1;0;1;0;1;0;0;0
C100213;1;1;0;0;0;1;1;0;0;0;1;0
C100214;1;0;0;0;1;0;1;1;1;0;0;1
C100215;1;0;0;0;1;0;0;0;0;0;1;1
C100216;1;0;0;0;0;1;1;0;0;0;1;0
C100217;1;1;0;1;1;0;0;0;0;0;1;0
C100218;1;0;0;0;1;0;1;0;0;0;1;0
C100219;1;1;0;0;1;0;0;1;1;0;0;1
C100220;1;1;0;0;1;0;0;0;0;0;0;0
C100221;1;1;1;0;0;1;1;0;0;1;0;0
C100222;1;1;0;0;0;0;0;0;0;0;0;0
C100223;1;1;0;0;0;0;0;0;0;0;1;1
C100224;1;0;0;0;1;0;0;0;0;0;0;0
C100225;1;1;0;0;1;0;1;1;0;0;1;1
C100226;1;1;0;0;1;1;0;0;0;0;0;0
C100227;1;1;0;0;1;0;0;0;0;0;0;1
C100228;1;1;0;0;1;0;0;0;0;0;0;0
C100229;1;1;0;0;0;0;1;0;0;0;0;0
C100230;1;1;0;0;0;0;0;0;0;0;0;0
C100231;1;1;0;1;0;0;0;0;0;0;0;1
C100232;1;1;1;1;1;0;1;0;1;0;0;0
C100233;1;1;0;0;0;0;0;0;1;1;0;0
C100234;1;1;0;0;1;1;1;0;1;0;0;1
C100235;1;1;1;0;1;0;0;0;1;0;0;0
C100236;1;0;0;0;0;0;1;0;0;0;0;0
C100237;1;1;0;0;0;1;0;0;0;1;0;0
C100238;1;1;0;0;1;0;0;0;0;0;0;0
C100239;1;1;0;1;1;0;0;1;0;0;0;0
C100240;1;0;0;0;1;0;1;1;1;1;0;0
C100241;1;0;1;0;0;0;0;0;0;0;0;0
C100242;1;1;0;1;0;0;1;0;0;0;0;0
C100243;1;1;0;0;0;0;0;0;0;0;0;0
C100244;1;0;0;0;1;0;0;1;0;0;0;0
C100245;1;1;1;0;1;0;1;0;0;0;0;0
C100246;1;1;1;0;0;0;0;0;0;0;0;1
C100247;0;1;0;0;0;0;0;0;0;0;0;0
C100248;1;0;0;0;1;0;0;0;0;1;0;0
C100249;1;0;0;1;0;0;0;0;0;0;0;0
C100250;1;1;0;0;0;0;0;1;0;0;0;1
C100251;0;0;0;0;0;1;0;1;0;0;1;0
C100252;1;1;0;0;0;0;0;1;0;0;0;1
C100253;1;1;0;0;0;0;1;0;0;1;0;0
C100254;0;0;0;0;0;1;0;0;0;0;0;0
C100255;1;1;1;1;0;0;0;0;0;0;0;0
C100256;0;1;0;0;1;0;1;0;1;0;1;0
C100257;1;1;1;0;1;1;1;0;0;0;0;0
C100258;1;0;0;0;1;0;0;0;0;0;0;0
C100259;1;1;0;0;0;0;0;0;0;0;0;0
C100260;1;0;0;0;1;0;0;1;0;1;0;0
C100261;1;1;1;0;0;0;1;0;0;0;0;0
C100262;1;1;0;0;1;0;0;0;0;1;0;0
C100263;0;1;1;0;1;0;1;0;0;0;0;0
C100264;1;1;0;1;0;0;0;1;1;0;0;0
C100265;1;1;1;1;1;0;0;0;0;0;0;0
C100266;1;0;0;0;1;0;0;0;0;0;1;1
C100267;1;0;0;0;1;0;0;1;1;0;0;0
C100268;0;0;0;0;0;0;0;0;0;0;1;0
C100269;1;1;0;0;1;0;0;0;0;0;0;0
C100270;0;0;0;0;0;0;0;1;1;1;0;1
C100271;1;1;1;0;0;0;0;0;0;0;0;0
C100272;1;1;0;0;1;0;0;1;1;0;0;1
C100273;1;1;0;0;1;0;1;0;1;0;0;0
C100274;1;1;0;0;1;0;1;0;0;1;0;1
C100275;1;1;1;1;0;1;1;0;0;0;1;0
C100276;1;1;0;0;1;0;0;0;0;0;0;1
C100277;1;1;1;0;1;0;0;0;0;0;0;0
C100278;1;1;0;0;0;0;0;0;0;0;0;0
C100279;1;1;0;1;1;0;0;0;0;0;1;0
C100280;1;1;0;1;1;0;0;0;0;0;0;0
C100281;1;1;0;1;1;0;0;0;0;0;0;0
C100282;1;0;0;0;0;0;0;0;0;0;0;0
C100283;1;0;0;0;0;0;0;0;0;0;0;0
C100284;1;1;0;0;0;0;0;0;0;0;0;1
C100285;1;1;0;0;1;0;1;0;0;0;0;0
C100286;1;1;0;0;0;0;0;0;0;0;0;0
C100287;1;0;0;0;0;0;1;0;0;0;1;0
C100288;1;1;0;0;0;1;1;0;0;0;0;0
C100289;1;1;0;1;1;0;0;0;0;0;0;0
C100290;1;1;1;0;0;0;0;0;0;0;0;0
C100291;1;1;0;0;1;0;0;1;1;0;0;0
C100292;1;1;0;1;1;0;0;0;0;0;1;1
C100293;1;0;0;0;0;0;0;0;0;0;0;1
C100294;1;1;0;0;1;0;1;0;1;0;1;0
C100295;1;1;0;0;0;0;0;0;0;0;0;0
C100296;1;0;0;0;1;0;0;0;0;0;0;0
C100297;1;0;0;0;0;1;0;0;0;0;0;0
C100298;1;1;0;0;0;0;0;0;0;0;0;0
C100299;1;1;0;0;0;0;0;0;0;1;0;0
C100300;1;1;1;0;1;1;1;0;0;0;0;0
C100301;0;0;0;0;1;0;0;0;0;0;0;0
C100302;1;1;0;0;0;0;0;0;0;0;0;0
C100303;1;0;1;0;1;0;0;0;0;0;0;0
C100304;1;0;0;0;0;0;1;0;0;0;0;0
C100305;1;1;0;0;0;0;0;0;1;0;0;0
C100306;1;1;0;1;1;0;0;0;0;0;0;0
C100307;1;1;0;1;1;0;0;0;0;0;0;0
C100308;1;1;1;1;1;0;0;0;0;0;0;0
C100309;1;1;0;0;0;1;1;1;0;0;0;0
C100310;1;1;0;0;1;0;0;0;1;0;0;1
C100311;1;0;0;0;1;0;0;0;0;0;0;0
C100312;1;1;1;0;1;0;0;0;0;0;0;0
C100313;1;1;0;1;0;0;0;0;0;0;1;0
C100314;1;1;1;0;1;0;1;1;0;1;0;1
C100315;1;1;0;1;1;0;0;0;0;0;0;1
C100316;1;1;0;0;0;0;0;1;0;0;0;0
C100317;1;1;0;0;0;1;1;0;0;0;0;0
C100318;1;0;0;0;0;0;0;0;0;1;0;0
C100319;1;1;0;0;1;0;0;0;0;0;0;0
C100320;1;1;0;0;1;0;1;0;0;0;0;0
C100321;1;1;1;0;0;1;1;0;0;0;0;1
C100322;1;1;0;1;1;0;1;0;0;1;0;0
C100323;1;1;0;1;0;0;0;0;0;0;0;0
C100324;1;0;0;0;0;1;0;0;0;0;0;0
C100325;1;0;0;0;1;0;0;0;0;0;0;0
C100326;1;1;0;0;0;0;0;1;1;0;0;1
C100327;1;1;1;1;0;0;0;1;0;1;0;1
C100328;1;1;0;0;1;0;0;0;0;0;0;0
C100329;1;1;0;0;0;0;1;1;0;0;0;0
C100330;1;1;0;0;1;1;0;0;0;0;0;0
C100331;1;1;0;0;1;0;0;1;1;1;0;0
C100332;1;0;0;0;1;0;0;0;1;0;0;0
C100333;1;0;0;0;0;0;0;0;0;0;0;0
C100334;1;1;0;0;0;0;0;1;0;1;0;0
C100335;1;1;0;1;0;0;0;1;0;0;0;0
C100336;1;1;1;0;1;0;1;0;0;0;0;0
C100337;1;1;1;0;0;0;0;0;0;0;0;0
C100338;1;0;0;0;1;1;1;1;0;0;1;0
C100339;1;1;0;0;0;0;0;0;0;0;0;0
C100340;1;1;0;1;0;1;1;0;0;0;0;1
C100341;1;1;0;0;1;1;1;0;0;0;0;0
C100342;1;0;0;0;1;0;0;0;0;0;0;0
C100343;1;1;0;0;0;0;0;0;0;0;0;0
C100344;1;1;0;0;1;0;1;0;0;0;0;0
C100345;1;1;0;1;0;0;0;0;0;0;0;0
C100346;1;1;0;0;1;0;0;1;1;0;0;0
C100347;1;0;0;0;1;0;1;0;0;0;0;0
C100348;1;1;0;0;0;0;0;0;1;0;0;1
C100349;1;0;0;0;0;1;0;0;0;0;1;0
C100350;1;0;0;0;0;0;0;0;0;0;0;0
C100351;1;0;0;0;1;0;0;0;0;1;0;0
C100352;1;1;0;0;1;0;0;0;0;0;0;1
C100353;1;1;1;0;1;0;0;0;0;0;0;0
C100354;1;1;0;0;0;1;1;1;1;0;0;0
C100355;1;0;0;0;0;0;1;0;0;0;0;0
C100356;1;1;1;0;0;1;0;1;1;0;0;0
C100357;1;1;0;0;0;0;0;0;0;0;1;0
C100358;1;1;0;1;1;0;0;0;0;0;0;0
C100359;1;0;0;0;0;0;1;0;0;0;0;0
C100360;1;0;0;0;0;1;1;0;0;0;1;0
C100361;1;1;1;0;0;0;0;1;1;0;0;0
C100362;1;0;0;0;1;0;0;1;0;0;0;1
C100363;1;1;1;0;1;0;1;0;0;0;0;0
C100364;1;0;0;0;0;1;0;0;0;0;1;0
C100365;1;1;1;0;1;1;0;0;0;0;0;0
C100366;1;1;0;0;1;0;0;0;0;0;0;0
C100367;1;0;0;0;1;1;0;0;0;0;1;0
C100368;1;1;0;0;0;0;0;0;0;0;0;0
C100369;1;0;0;0;1;0;0;0;0;0;0;0
C100370;1;1;1;0;1;0;0;0;0;0;0;0
C100371;0;1;0;0;1;0;0;1;0;0;0;0
C100372;1;1;0;0;0;1;0;0;0;0;0;1
C100373;1;1;0;0;0;1;0;0;0;0;0;0
C100374;1;1;0;1;0;1;0;0;1;0;0;0
C100375;1;1;0;0;1;0;0;1;0;0;0;0
C100376;1;1;0;0;0;0;0;0;0;0;0;1
C100377;1;1;0;0;1;1;0;1;1;0;0;0
C100378;0;0;0;0;1;0;1;0;0;0;1;0
C100379;1;0;0;0;1;0;1;0;0;1;0;0
C100380;1;1;0;1;1;0;0;1;0;0;0;0
C100381;1;1;0;0;1;1;0;1;0;0;0;0
C100382;1;1;0;0;0;0;0;0;0;0;0;0
C100383;1;1;0;1;0;1;0;0;0;0;1;0
C100384;1;0;0;0;1;0;0;0;0;0;0;0
C100385;1;0;0;0;0;0;0;0;0;0;0;1
C100386;1;1;0;0;1;0;1;0;0;0;1;1
C100387;1;0;0;0;1;0;0;1;1;0;0;1
C100388;1;1;0;0;0;0;0;1;0;0;0;1
C100389;1;0;1;0;0;0;1;0;0;0;0;0
C100390;1;1;0;0;1;1;0;0;0;0;0;1
C100391;1;1;0;0;1;0;0;0;1;0;0;1
C100392;0;0;0;0;0;0;1;0;1;0;0;1
C100393;1;1;0;0;0;0;1;0;0;0;0;0
C100394;1;1;0;0;0;0;0;0;0;0;0;0
C100395;1;0;0;0;1;0;0;0;0;0;0;0
C100396;1;1;0;1;1;1;1;1;0;0;0;0
C100397;1;1;0;0;1;1;1;0;1;0;0;1
C100398;1;1;0;0;1;1;0;0;0;0;0;0
C100399;1;1;0;0;0;0;0;0;0;1;0;0
C100400;1;1;0;0;0;1;0;0;0;0;0;0
C100401;1;1;0;0;1;0;1;0;0;0;0;0
C100402;1;1;0;0;0;0;0;1;1;0;1;0
C100403;1;1;0;1;0;0;0;1;1;0;0;1
C100404;1;1;0;0;1;0;0;1;0;0;0;0
C100405;1;0;0;0;0;0;0;0;0;0;0;0
C100406;1;0;0;0;0;1;0;0;0;0;0;0
C100407;1;1;0;1;0;1;0;1;1;0;1;1
C100408;1;1;0;0;1;0;0;1;0;0;0;1
C100409;1;1;0;0;0;0;0;0;0;0;0;0
C100410;1;1;0;0;0;0;0;0;0;1;0;0
C100411;1;1;0;0;1;0;0;1;1;0;0;1
C100412;1;1;0;1;1;0;0;0;0;0;1;0
C100413;1;1;0;0;0;0;1;1;0;0;0;0
C100414;1;1;0;0;1;0;0;0;0;0;1;0
C100415;1;1;0;0;0;0;1;1;0;0;0;0
C100416;1;0;0;0;0;0;0;0;0;0;0;0
C100417;1;0;0;0;0;0;1;0;1;0;0;0
C100418;1;1;0;0;1;0;0;1;0;0;1;0
C100419;1;1;0;1;0;0;0;0;0;0;0;0
C100420;1;0;0;0;1;0;0;0;0;0;0;0
C100421;1;0;0;0;0;0;0;0;0;0;0;1
C100422;1;1;0;0;0;0;0;0;0;0;0;0
C100423;1;1;0;0;0;0;0;0;0;1;0;0
C100424;1;1;0;0;0;0;0;0;0;0;0;0
C100425;1;1;0;0;0;0;1;0;0;0;1;0
C100426;1;1;0;0;1;0;0;0;0;0;1;0
C100427;1;1;0;0;0;0;0;0;0;0;0;0
C100428;0;0;0;0;0;0;1;1;1;0;1;1
C100429;1;1;0;0;1;0;0;0;0;0;1;0
C100430;1;0;0;0;1;0;0;1;0;0;0;0
C100431;1;1;0;0;0;0;0;0;0;0;0;0
C100432;1;1;0;1;1;1;0;0;0;0;0;0
C100433;1;1;0;0;0;0;0;0;0;0;0;0
C100434;1;1;0;0;0;1;1;0;0;0;0;0
C100435;1;0;0;0;1;1;1;0;0;0;0;1
C100436;1;1;0;1;0;0;0;0;0;0;0;0
C100437;1;1;0;0;1;0;1;1;1;0;0;0
C100438;1;0;0;0;1;1;1;0;0;0;0;0
C100439;1;1;0;1;0;0;0;0;0;0;0;0
C100440;1;0;0;0;0;0;0;0;0;0;0;1
C100441;1;1;1;1;0;0;0;0;0;0;0;0
C100442;1;1;0;1;0;0;0;0;0;0;1;0
C100443;1;1;1;0;0;0;0;1;0;0;1;1
C100444;0;1;1;0;1;0;0;0;0;0;0;1
C100445;1;0;0;0;1;0;0;0;0;0;0;1
C100446;1;0;0;1;0;0;0;0;1;0;0;0
C100447;1;1;0;0;0;0;0;0;0;0;1;0
C100448;1;1;0;1;0;0;0;0;0;1;0;0
C100449;1;0;0;0;0;0;1;1;1;0;0;0
C100450;0;0;0;1;1;0;0;0;0;0;0;0
C100451;1;1;0;0;1;0;0;1;1;0;0;1
C100452;1;1;0;0;0;0;0;1;1;0;1;1
C100453;1;1;0;0;1;1;0;0;0;0;0;1
C100454;1;0;0;0;1;0;0;0;0;0;1;1
C100455;1;1;0;1;0;0;0;0;0;0;0;1
C100456;1;1;0;0;1;0;0;0;0;0;0;0
C100457;1;0;0;0;1;0;0;0;0;0;1;1
C100458;1;1;0;0;1;0;0;0;1;0;1;0
C100459;1;1;1;1;0;1;1;0;0;0;0;0
C100460;1;1;0;0;0;0;0;0;1;0;0;0
C100461;1;1;1;0;0;0;1;0;0;0;0;0
C100462;1;1;0;0;0;0;0;0;0;0;0;0
C100463;1;1;0;0;1;0;1;0;0;0;0;0
C100464;1;1;0;0;0;0;0;0;0;0;1;0
C100465;1;1;0;0;1;0;0;0;0;0;0;1
C100466;1;0;0;0;1;0;0;1;1;0;1;1
C100467;1;1;0;0;0;0;0;0;0;0;0;0
C100468;1;1;0;0;0;0;0;0;0;0;0;0
C100469;1;1;0;0;1;0;0;1;0;0;1;0
C100470;1;1;1;0;1;0;0;0;0;0;0;0
C100471;1;1;0;0;0;1;0;0;0;0;0;0
C100472;1;1;0;1;1;0;0;0;0;0;0;0
C100473;1;0;0;0;1;0;0;0;0;0;1;0
C100474;1;1;0;1;1;0;0;0;0;0;1;0
C100475;1;1;0;0;1;0;0;0;0;0;0;0
C100476;1;1;0;0;0;0;0;0;0;0;0;0
C100477;1;1;0;0;1;0;1;0;0;0;0;0
C100478;1;1;0;0;1;0;1;0;0;0;0;0
C100479;1;1;1;0;0;0;0;0;0;0;0;0
C100480;1;1;1;0;0;1;1;0;0;0;0;1
C100481;1;0;1;0;1;1;1;0;0;0;0;0
C100482;1;0;0;0;1;0;0;0;0;0;0;1
C100483;1;1;0;0;1;1;1;1;1;0;0;0
C100484;1;1;0;0;0;0;0;0;0;0;0;0
C100485;1;1;0;0;0;1;1;0;0;0;0;0
C100486;1;1;0;0;0;1;0;1;0;0;0;1
C100487;1;1;0;0;0;0;0;0;0;0;0;0
C100488;1;0;0;1;0;1;0;0;0;0;0;1
C100489;1;1;0;1;0;0;0;0;0;0;0;0
C100490;1;0;0;0;0;0;0;0;1;0;1;0
C100491;1;1;1;0;1;0;0;1;0;0;1;0
C100492;1;1;1;0;0;0;1;0;0;1;0;1
C100493;1;0;0;0;1;0;0;0;0;0;0;1
C100494;1;1;1;1;1;0;0;1;1;0;1;1
C100495;1;0;0;0;0;1;0;0;0;0;0;0
C100496;1;1;0;0;1;0;0;1;1;0;0;0
C100497;1;1;0;0;0;0;0;0;0;0;0;0
C100498;1;0;0;0;0;0;0;0;0;0;1;0
C100499;1;1;0;0;0;0;0;0;0;0;1;0
C100500;1;0;0;0;0;0;0;0;0;0;0;0
C100501;1;0;0;0;1;0;1;0;0;0;0;0
C100502;0;0;0;0;1;0;0;0;0;0;0;0
C100503;1;1;0;0;0;0;0;0;0;0;0;0
C100504;1;1;0;0;0;1;1;0;0;0;0;1
C100505;1;0;0;0;0;0;1;0;0;0;0;1
C100506;0;1;0;1;1;0;0;0;0;0;0;1
C100507;1;1;0;0;0;0;0;0;0;0;0;0
C100508;1;1;0;0;1;0;0;0;0;0;0;1
C100509;1;1;0;0;0;0;0;0;0;0;0;1
C100510;1;1;0;0;1;0;1;0;0;0;0;0
C100511;1;1;0;1;0;0;0;1;1;0;0;1
C100512;1;1;0;0;1;1;0;0;0;0;0;0
C100513;1;0;0;0;1;0;0;0;0;0;0;0
C100514;1;1;0;0;0;0;0;0;0;1;0;1
C100515;1;0;0;0;0;0;0;1;1;0;0;0
C100516;1;1;0;0;0;0;0;1;1;1;0;0
C100517;1;0;0;0;0;0;1;0;0;0;0;0
C100518;1;1;1;0;0;0;0;0;0;0;0;0
C100519;1;0;0;0;1;0;0;0;0;0;1;1
C100520;0;1;0;0;1;0;0;1;0;0;0;0
C100521;1;0;0;0;0;0;0;0;0;0;0;0
C100522;1;1;0;0;1;0;1;0;0;0;1;0
C100523;1;0;0;0;0;0;1;1;1;0;0;1
C100524;1;0;0;0;0;0;0;0;0;0;0;0
C100525;1;1;0;0;0;0;0;0;0;0;0;0
C100526;1;1;0;0;0;1;0;1;0;0;1;0
C100527;1;0;0;0;0;0;0;0;0;0;1;0
C100528;1;1;0;0;0;0;0;0;0;0;0;0
C100529;1;0;0;0;1;0;0;1;0;0;0;0
C100530;1;1;1;0;0;0;0;1;1;1;0;0
C100531;1;1;0;0;1;0;0;1;1;0;0;0
C100532;1;0;0;0;0;0;0;0;0;0;0;0
C100533;1;0;0;0;1;0;1;0;0;0;0;0
C100534;1;0;1;0;1;0;1;0;0;0;0;1
C100535;1;1;0;0;1;0;0;0;0;0;0;0
C100536;1;1;0;1;0;0;0;0;0;0;0;1
C100537;1;1;0;1;0;0;0;0;0;0;0;0
C100538;1;1;1;0;1;0;0;1;0;0;0;0
C100539;1;1;0;0;0;0;0;0;0;0;0;0
C100540;1;1;0;1;1;0;0;0;0;1;0;0
C100541;1;1;0;1;0;0;0;0;0;0;0;0
C100542;1;1;0;0;0;0;0;1;0;0;0;1
C100543;1;1;0;0;0;1;0;1;1;0;0;1
C100544;1;1;0;0;0;0;1;0;0;0;0;0
C100545;1;0;0;0;1;0;0;0;0;0;0;1
C100546;1;1;1;0;0;0;0;0;0;1;0;0
C100547;1;1;0;0;1;0;0;0;1;0;0;0
C100548;1;1;1;1;1;0;0;0;0;0;0;1
C100549;1;1;1;1;0;1;0;0;1;0;1;1
C100550;1;1;0;0;1;0;1;1;1;0;1;0
C100551;1;1;0;0;0;0;0;0;0;0;0;0
C100552;1;1;1;1;0;0;0;0;0;0;0;0
C100553;1;0;0;0;1;0;0;0;0;1;0;1
C100554;1;1;1;1;1;0;0;0;0;0;0;0
C100555;1;1;1;0;1;0;0;0;0;0;1;0
C100556;1;1;1;0;0;1;1;0;0;0;0;0
C100557;1;1;0;0;0;0;0;1;1;0;1;1
C100558;1;0;0;0;1;0;0;1;0;0;1;0
C100559;1;1;1;1;1;0;0;0;0;0;0;0
C100560;1;1;0;0;0;0;0;0;0;0;0;0
C100561;0;1;0;1;0;0;0;0;0;0;1;0
C100562;1;1;0;0;1;0;1;0;0;0;1;0
C100563;1;1;0;1;1;0;0;0;0;0;0;0
C100564;1;1;1;0;0;0;0;0;0;0;0;0
C100565;1;1;0;0;1;0;0;0;0;0;0;0
C100566;1;1;0;0;1;0;0;0;0;0;0;0
C100567;1;1;0;1;0;0;0;0;0;0;1;0
C100568;1;1;0;0;0;0;0;1;0;0;0;1
C100569;1;1;0;0;1;0;1;0;0;0;0;0
C100570;1;1;1;0;1;1;1;0;0;0;0;0
C100571;1;0;0;0;1;0;1;0;0;0;0;0
C100572;1;1;1;1;1;0;0;0;0;0;0;0
C100573;1;0;0;0;0;0;1;1;1;0;0;0
C100574;1;1;0;0;1;1;0;0;0;0;0;1
C100575;1;1;0;0;0;0;0;0;0;0;1;0
C100576;1;1;0;0;0;1;0;0;0;0;0;0
C100577;1;1;0;0;1;0;0;1;1;0;1;1
C100578;1;1;0;0;1;0;0;1;0;0;0;0
C100579;1;1;0;0;0;1;0;0;0;0;0;0
C100580;1;1;0;0;0;0;0;0;1;0;0;0
C100581;1;0;0;0;0;1;0;0;0;0;0;0
C100582;1;1;0;0;1;0;0;0;0;1;0;1
C100583;1;1;0;0;0;1;0;0;0;1;0;0
C100584;1;1;0;0;0;0;0;0;0;0;0;1
C100585;1;1;0;1;0;1;0;0;0;1;0;0
C100586;1;1;0;1;1;0;0;0;0;0;1;0
C100587;1;1;1;1;0;0;0;0;0;0;1;0
C100588;1;0;0;0;0;0;0;0;0;0;0;0
C100589;1;1;0;0;1;1;0;1;1;0;1;0
C100590;1;1;0;0;0;0;0;0;0;1;1;0
C100591;1;1;0;0;1;0;0;0;0;0;0;0
C100592;1;0;0;0;1;0;0;0;0;0;0;1
C100593;1;1;0;1;1;0;0;0;0;0;0;0
C100594;1;1;0;0;0;0;0;0;0;0;0;0
C100595;1;1;0;0;1;0;1;0;0;0;0;1
C100596;1;1;0;0;0;0;0;1;1;0;1;1
C100597;1;1;1;0;0;0;0;0;0;0;0;0
C100598;1;1;1;0;1;0;0;0;0;0;0;0
C100599;1;1;0;1;0;1;0;0;0;0;0;0
C100600;1;1;0;1;0;1;0;0;0;0;0;0
C100601;1;0;0;0;0;0;0;1;0;0;0;1
C100602;1;1;1;0;0;0;0;0;0;0;1;1
C100603;1;0;0;0;0;0;0;0;0;0;0;0
C100604;1;1;0;0;1;0;0;0;0;0;1;0
C100605;1;1;0;0;0;1;0;0;0;0;0;0
C100606;1;1;1;0;1;0;1;0;0;0;0;0
C100607;1;1;0;0;0;0;0;0;0;0;0;0
C100608;1;0;0;0;1;0;0;0;0;0;1;0
C100609;1;0;0;0;0;0;0;1;0;0;0;0
C100610;1;1;0;1;0;0;0;0;0;1;0;0
C100611;1;1;0;0;0;0;0;0;1;0;0;0
C100612;1;1;0;0;1;0;0;1;1;0;0;0
C100613;1;0;0;0;1;0;0;0;0;0;0;1
C100614;1;0;0;0;0;0;0;0;0;0;0;1
C100615;1;1;0;0;0;0;0;1;1;0;0;0
C100616;1;1;1;0;1;0;0;0;0;0;1;0
C100617;1;1;0;1;0;0;1;0;0;1;1;0
C100618;1;1;0;1;0;1;0;0;0;0;0;1
C100619;1;1;0;1;1;0;1;0;0;0;0;0
C100620;1;1;0;1;0;0;1;1;1;0;1;0
C100621;1;1;0;0;0;0;0;0;1;0;0;0
C100622;1;0;0;0;1;0;0;0;1;0;1;0
C100623;1;0;0;0;1;0;0;0;0;0;0;0
C100624;1;1;0;0;0;0;0;0;0;0;0;1
C100625;1;1;0;0;0;0;0;1;1;0;0;1
C100626;1;1;1;0;1;0;0;0;0;0;0;1
C100627;1;1;0;0;0;0;0;0;0;0;0;0
C100628;1;1;0;0;0;0;0;0;0;0;1;1
C100629;1;1;1;0;0;0;0;0;0;0;0;0
C100630;1;1;0;0;1;0;0;0;0;0;1;0
C100631;1;1;1;0;0;0;0;1;0;0;0;1
C100632;1;1;1;0;0;0;1;1;0;0;1;0
C100633;1;1;0;1;1;0;1;0;0;0;0;1
C100634;1;1;0;1;1;0;1;0;0;0;0;0
C100635;1;1;0;1;0;0;1;0;0;0;0;0
C100636;1;0;0;0;0;0;0;0;0;0;0;1
C100637;1;1;1;1;1;0;1;0;1;0;0;0
C100638;1;1;1;0;0;1;1;0;0;0;0;0
C100639;1;0;0;0;1;0;0;0;0;0;0;0
C100640;1;0;0;0;0;1;1;0;0;0;0;0
C100641;1;1;0;0;0;0;1;0;1;0;0;0
C100642;1;0;0;0;0;0;0;0;0;0;0;0
C100643;1;1;0;0;1;0;0;0;0;0;0;1
C100644;1;1;0;0;0;0;1;1;1;1;0;1
C100645;1;1;0;0;1;0;0;0;0;1;1;1
C100646;1;0;0;0;1;0;0;0;0;0;1;0
C100647;1;0;0;0;0;0;1;0;0;0;1;0
C100648;1;1;0;0;0;0;0;0;0;0;1;0
C100649;1;1;0;1;1;0;0;0;0;1;0;0
C100650;1;1;0;0;0;0;0;0;0;0;0;0
C100651;1;1;0;0;0;0;0;1;0;1;0;0
C100652;1;1;0;1;1;0;1;0;0;0;0;0
C100653;1;1;0;0;0;1;0;0;0;0;0;0
C100654;1;1;0;0;0;0;0;0;0;0;0;0
C100655;1;0;0;0;0;0;0;0;0;0;0;0
C100656;1;0;0;0;0;0;1;1;1;0;0;1
C100657;1;1;0;0;0;1;0;0;0;0;1;0
C100658;1;0;0;0;1;0;0;0;0;1;0;0
C100659;1;1;0;0;0;0;0;0;0;0;0;1
C100660;1;1;0;0;0;0;1;1;1;0;0;1
C100661;1;1;0;0;1;0;0;0;0;0;0;1
C100662;1;1;1;0;0;0;0;1;1;0;0;0
C100663;1;1;0;0;0;0;0;0;0;0;0;0
C100664;1;1;0;0;0;0;0;0;0;0;0;0
C100665;1;1;0;0;1;0;0;0;0;1;1;0
C100666;1;1;0;0;1;1;0;0;0;0;0;0
C100667;1;1;0;0;0;0;0;0;0;0;0;0
C100668;1;0;0;0;1;0;0;0;0;0;0;0
C100669;1;1;0;1;0;0;0;0;1;0;0;0
C100670;1;1;0;0;1;1;1;0;1;0;0;0
C100671;1;1;0;1;1;0;0;0;0;0;0;0
C100672;1;1;0;0;1;0;0;0;0;0;0;0
C100673;1;1;0;0;1;1;0;1;1;0;1;0
C100674;1;1;1;1;0;0;0;1;1;0;0;1
C100675;1;1;0;0;0;0;0;0;0;1;0;1
C100676;1;1;0;0;1;0;0;0;0;0;0;0
C100677;1;1;0;0;1;1;1;0;0;1;0;0
C100678;1;1;0;0;0;0;0;1;0;0;0;0
C100679;1;1;0;0;1;0;1;0;0;0;1;0
C100680;1;0;0;0;0;0;0;0;0;0;0;0
C100681;1;1;0;1;0;0;0;0;0;0;0;1
C100682;1;1;0;0;0;0;0;0;0;0;0;1
C100683;1;1;0;0;0;0;0;1;1;0;0;1
C100684;1;1;1;0;0;1;1;0;0;0;0;0
C100685;1;1;0;0;0;0;1;1;1;0;0;0
C100686;1;1;0;0;1;0;0;0;0;0;0;0
C100687;1;0;0;0;1;0;0;0;0;0;0;0
C100688;1;0;0;0;1;0;0;0;0;0;0;0
C100689;1;1;0;1;0;1;0;0;0;0;0;0
C100690;1;0;0;0;0;0;0;0;0;0;0;0
C100691;1;1;0;1;0;0;0;0;0;0;0;0
C100692;1;1;0;0;1;0;0;0;0;0;0;1
C100693;1;1;1;0;0;0;0;1;0;0;1;1
C100694;1;1;0;0;1;0;0;0;0;0;0;0
C100695;1;1;0;0;1;0;0;0;0;0;1;1
C100696;1;1;0;0;0;0;1;0;0;0;0;0
C100697;1;1;0;0;1;0;0;1;1;0;0;1
C100698;1;0;0;0;0;0;0;0;0;0;1;0
C100699;1;1;0;0;1;0;0;0;0;1;0;0
C100700;1;1;1;0;0;0;0;0;0;0;0;0
C100701;1;1;0;0;0;0;1;0;0;0;1;0
C100702;1;0;0;0;0;0;1;0;0;0;0;0
C100703;1;0;1;0;0;0;0;0;0;0;0;0
C100704;1;1;0;0;0;0;0;0;0;1;0;0
C100705;1;1;0;0;0;0;0;0;1;0;0;0
C100706;1;1;0;1;0;0;0;0;1;0;1;0
C100707;1;0;0;0;1;0;0;0;0;1;1;0
C100708;1;1;0;0;0;0;0;0;0;0;0;0
C100709;1;1;0;0;1;0;0;1;1;0;0;0
C100710;1;0;0;0;1;0;0;0;0;0;0;0
C100711;1;1;0;0;0;1;0;0;1;0;0;1
C100712;1;1;0;0;0;0;0;0;0;0;0;0
C100713;1;1;0;0;1;0;1;1;1;0;0;1
C100714;1;0;0;0;0;1;0;0;0;0;0;0
C100715;1;1;0;0;0;0;1;0;0;0;0;0
C100716;1;1;0;1;0;0;0;0;0;0;0;0
C100717;1;1;0;0;1;1;0;0;0;1;0;0
C100718;1;1;1;1;0;0;0;0;0;0;0;0
C100719;1;1;0;0;1;0;0;0;0;0;0;0
C100720;1;1;0;0;0;1;0;0;0;0;0;0
C100721;1;0;0;0;1;0;1;1;1;1;0;0
C100722;1;1;0;0;1;0;1;1;0;0;0;0
C100723;1;1;0;0;0;0;0;0;0;0;1;1
C100724;1;1;0;1;1;1;1;0;0;0;1;1
C100725;1;1;0;1;1;0;0;0;0;0;0;0
C100726;1;0;0;0;1;0;0;0;0;0;0;0
C100727;1;1;0;1;0;0;0;0;0;0;0;0
C100728;1;1;1;0;1;0;0;0;0;1;0;0
C100729;1;1;0;0;0;0;0;0;0;0;0;0
C100730;1;1;0;0;1;1;1;0;0;1;0;1
C100731;1;1;0;0;1;0;1;0;1;0;1;0
C100732;1;1;0;0;1;0;1;1;1;0;0;1
C100733;1;0;0;0;0;0;1;0;0;0;0;0
C100734;1;0;0;0;1;0;1;0;0;0;0;0
C100735;1;1;1;0;1;0;0;1;0;0;1;0
C100736;1;0;0;0;0;0;0;0;1;1;0;0
C100737;1;1;0;1;0;0;0;0;0;0;1;1
C100738;1;1;0;0;1;1;0;0;0;0;0;0
C100739;1;1;0;0;1;0;0;1;1;0;0;1
C100740;1;1;0;0;0;0;0;0;0;0;0;1
C100741;1;1;0;0;1;0;1;0;0;0;0;1
C100742;1;1;0;0;1;0;0;0;0;0;0;0
C100743;1;1;0;0;0;0;1;0;0;0;0;0
C100744;1;1;0;0;0;0;1;0;0;1;0;0
C100745;1;1;0;0;0;0;0;1;0;0;0;0
C100746;1;0;0;0;1;0;0;0;0;0;1;0
C100747;1;1;1;0;1;0;0;0;0;0;0;0
C100748;1;1;0;0;0;0;1;1;0;0;0;0
C100749;1;1;0;0;1;1;0;0;0;0;0;0
C100750;1;1;0;0;0;0;0;1;0;0;0;0
C100751;1;0;0;0;0;0;0;0;0;0;0;1
C100752;1;1;1;0;1;1;0;0;0;1;0;0
C100753;1;1;1;0;0;0;0;0;0;0;0;0
C100754;1;0;0;0;0;1;0;0;1;0;0;0
C100755;1;1;0;1;0;0;0;0;0;0;0;0
C100756;1;1;0;0;1;1;0;0;0;0;0;1
C100757;1;1;1;0;1;0;0;0;0;0;0;1
C100758;1;0;1;0;0;0;0;0;0;0;1;1
C100759;0;0;0;0;1;0;0;1;1;0;0;0
C100760;1;1;1;0;0;0;0;1;0;0;0;0
C100761;1;1;0;0;1;0;0;0;0;0;0;0
C100762;1;1;0;0;0;0;0;0;0;0;0;1
C100763;1;1;0;0;1;1;0;0;0;1;0;0
C100764;1;1;1;0;0;0;1;1;1;0;0;0
C100765;1;1;0;0;1;0;1;0;0;0;0;1
C100766;0;0;1;0;1;0;0;0;0;0;1;0
C100767;1;0;0;0;1;1;0;0;0;0;0;0
C100768;1;1;0;0;0;0;0;0;0;0;0;1
C100769;1;0;0;0;1;0;0;1;0;0;0;0
C100770;1;1;0;0;0;0;1;1;1;1;0;0
C100771;1;1;0;0;0;0;0;0;0;0;0;1
C100772;1;1;0;0;1;0;0;0;0;0;0;0
C100773;1;0;0;0;0;0;1;0;0;0;0;1
C100774;1;0;0;0;1;0;0;0;0;0;0;0
C100775;1;1;0;0;0;0;1;0;0;0;0;1
C100776;1;0;0;0;0;0;0;0;0;0;0;0
C100777;1;1;0;0;1;0;0;0;0;1;1;0
C100778;1;0;0;0;1;1;0;0;0;0;0;0
C100779;1;0;0;0;1;0;0;0;0;0;0;0
C100780;1;1;0;0;0;0;1;0;0;0;1;0
C100781;1;0;0;0;1;0;0;0;0;0;1;1
C100782;1;1;0;0;0;0;0;0;0;0;0;1
C100783;1;1;1;0;0;0;0;0;1;0;0;0
C100784;1;1;0;1;0;0;0;0;0;0;0;1
C100785;1;1;0;0;1;0;0;0;0;0;0;1
C100786;1;0;0;0;0;0;0;0;0;0;0;1
C100787;1;1;0;0;1;0;0;1;1;0;0;0
C100788;1;1;0;0;0;1;0;1;0;0;0;0
C100789;1;0;0;1;1;1;1;0;0;0;0;0
C100790;1;0;0;0;1;0;0;0;0;0;0;0
C100791;1;1;1;0;1;0;0;0;0;0;0;0
C100792;1;0;0;0;0;0;0;0;0;0;0;0
C100793;1;1;0;0;1;0;0;0;0;0;0;0
C100794;1;0;0;1;0;0;0;1;1;0;0;1
C100795;1;1;0;1;1;0;0;0;0;0;1;1
C100796;1;1;0;0;0;0;0;1;0;0;0;1
C100797;1;1;1;0;0;1;0;0;0;0;0;1
C100798;1;1;0;0;0;0;0;0;0;0;0;0
C100799;1;1;0;0;1;0;0;1;1;0;0;0
C100800;1;1;0;0;1;0;0;0;0;0;0;0
C100801;1;1;0;0;1;0;0;0;0;0;0;0
C100802;1;0;0;0;1;0;0;0;0;0;0;0
C100803;1;1;0;0;0;0;0;0;0;0;0;0
C100804;1;1;1;1;0;0;0;0;0;0;0;0
C100805;1;1;0;1;0;1;0;0;0;0;0;0
C100806;1;1;0;0;1;0;0;1;1;0;1;1
C100807;1;0;0;0;0;0;0;0;0;0;0;1
C100808;1;0;0;0;0;0;0;0;0;0;0;0
C100809;1;1;0;0;0;0;1;0;0;0;0;0
C100810;1;1;0;1;1;0;0;0;0;0;0;1
C100811;1;0;1;0;0;0;0;0;0;0;0;0
C100812;1;1;0;0;0;0;0;1;0;0;1;1
C100813;1;0;0;0;0;0;0;1;1;0;0;1
C100814;1;1;0;0;0;0;0;0;0;0;0;0
C100815;1;0;0;1;1;0;1;0;0;0;0;1
C100816;1;1;0;0;1;0;0;1;0;0;0;0
C100817;1;1;0;1;0;0;0;0;0;0;0;0
C100818;1;0;0;0;0;0;0;0;0;0;0;0
C100819;1;1;0;0;1;0;1;0;0;1;1;0
C100820;1;1;0;0;0;1;0;1;1;0;0;1
C100821;1;1;1;0;0;0;0;1;0;0;1;0
C100822;1;1;0;0;0;0;1;0;0;0;0;0
C100823;1;1;0;0;1;1;0;0;0;0;0;0
C100824;1;1;0;0;0;0;0;0;0;1;0;0
C100825;1;1;0;1;0;0;0;0;0;0;1;0
C100826;1;1;0;0;0;0;0;0;0;0;0;0
C100827;1;0;0;0;0;0;0;0;0;1;0;0
C100828;1;1;0;0;0;0;1;1;1;0;0;0
C100829;1;1;0;0;0;1;0;0;0;0;0;1
C100830;1;0;0;0;1;0;0;0;0;0;0;0
C100831;1;1;0;0;0;0;0;0;0;0;0;0
C100832;1;1;0;0;0;0;0;0;0;0;0;0
C100833;1;1;0;0;1;0;0;0;0;0;0;0
C100834;1;1;0;0;0;0;0;0;0;1;0;0
C100835;1;1;0;0;0;0;0;0;1;0;0;0
C100836;1;1;0;0;0;0;1;0;0;0;0;0
C100837;1;1;0;0;1;0;1;0;0;0;1;0
C100838;1;1;0;0;0;0;0;0;0;0;0;0
C100839;1;1;0;0;1;0;1;0;0;0;0;0
C100840;1;1;0;1;1;0;0;0;0;0;0;0
C100841;1;1;0;0;0;0;0;0;1;0;0;0
C100842;1;0;0;0;1;0;0;0;0;0;0;0
C100843;1;1;0;0;0;0;0;1;0;0;0;1
C100844;1;1;0;0;1;0;1;1;0;0;0;1
C100845;1;1;0;0;0;0;1;0;0;0;0;0
C100846;1;1;0;0;1;0;0;0;0;0;1;0
C100847;1;1;1;1;0;0;0;0;0;0;0;0
C100848;1;1;1;1;0;0;0;0;0;0;0;1
C100849;1;0;0;0;0;0;0;0;0;1;0;0
C100850;1;1;0;0;1;0;0;0;0;0;0;0
C100851;1;0;0;0;1;0;0;1;0;0;0;0
C100852;1;1;0;0;0;0;0;0;0;0;0;0
C100853;1;1;0;0;1;0;0;0;0;0;0;0
C100854;1;1;0;0;1;0;0;0;0;0;1;0
C100855;1;1;1;0;0;0;0;1;0;0;1;1
C100856;1;1;0;0;1;0;0;0;0;0;0;0
C100857;1;1;0;0;0;0;1;0;0;0;0;0
C100858;1;1;0;0;0;0;0;0;0;0;0;0
C100859;1;0;0;0;1;1;0;0;0;0;1;0
C100860;0;0;0;0;1;0;1;1;1;0;1;0
C100861;1;1;1;0;1;0;1;0;0;0;0;0
C100862;1;1;0;0;0;0;0;0;0;0;0;1
C100863;1;1;0;0;0;0;0;1;0;0;1;0
C100864;1;1;0;0;1;0;1;0;0;0;1;1
C100865;1;1;0;0;1;1;0;0;0;0;0;1
C100866;1;1;0;0;0;0;0;0;0;0;0;0
C100867;0;1;0;1;0;1;0;0;0;0;0;1
C100868;1;1;0;0;1;0;0;0;0;0;0;0
C100869;1;0;0;1;1;0;1;0;0;0;0;0
C100870;1;1;0;0;1;0;0;0;1;0;0;1
C100871;1;0;0;0;0;0;1;1;1;1;0;1
C100872;0;1;0;1;0;0;0;0;0;0;0;0
C100873;1;1;0;0;1;0;1;0;0;0;0;0
C100874;1;1;0;0;0;0;0;0;0;0;0;0
C100875;1;1;0;1;0;0;1;0;0;0;1;0
C100876;1;1;0;0;0;0;0;0;0;0;0;0
C100877;1;1;0;0;1;0;0;0;0;0;1;0
C100878;1;1;1;0;0;1;1;0;0;0;1;1
C100879;1;1;1;1;0;0;0;0;0;0;0;0
C100880;1;1;0;0;0;0;1;0;1;0;0;0
C100881;1;1;0;0;1;0;0;0;0;0;1;0
C100882;1;1;0;0;1;1;1;0;0;0;0;0
C100883;1;1;0;0;1;0;0;0;0;0;0;0
C100884;1;1;0;0;0;0;0;0;0;0;0;0
C100885;1;1;0;0;1;0;0;0;0;0;0;0
C100886;1;0;0;0;0;0;0;0;0;0;0;0
C100887;1;1;0;1;1;0;0;0;0;0;0;0
C100888;1;0;0;0;1;0;0;0;0;1;0;1
C100889;1;1;0;0;1;0;0;0;0;0;0;0
C100890;1;1;0;0;1;0;0;1;0;0;0;0
C100891;1;1;0;0;1;1;1;0;0;0;0;0
C100892;1;1;1;0;1;0;0;0;0;0;0;1
C100893;1;1;0;0;0;0;0;1;1;0;0;0
C100894;1;0;0;0;0;0;0;0;0;0;0;1
C100895;1;1;0;0;1;0;0;1;0;0;1;0
C100896;0;0;0;0;0;1;1;0;1;0;0;0
C100897;1;1;0;0;1;0;0;0;0;1;0;1
C100898;1;0;0;0;1;0;1;0;0;0;0;0
C100899;1;1;0;0;1;0;1;0;0;0;0;0
C100900;1;1;0;0;0;0;0;0;0;1;0;0
C100901;1;1;0;0;1;0;0;0;0;0;0;0
C100902;1;0;0;0;1;0;0;0;0;1;0;0
C100903;1;0;1;0;1;0;1;0;0;0;0;0
C100904;1;1;0;0;1;0;0;0;0;0;0;0
C100905;1;0;0;0;0;0;1;1;0;1;0;0
C100906;1;0;0;1;1;0;1;0;0;0;0;0
C100907;1;1;1;0;1;0;0;0;0;0;0;1
C100908;0;1;0;1;0;0;0;0;0;0;0;0
C100909;0;0;0;0;1;0;0;0;0;1;0;0
C100910;1;0;0;0;0;0;1;0;1;0;0;0
C100911;1;1;0;0;0;0;0;0;0;0;0;0
C100912;1;0;0;0;1;0;0;0;0;0;0;0
C100913;1;1;0;1;0;0;0;1;0;1;0;0
C100914;1;0;0;0;1;0;0;0;0;0;1;0
C100915;1;1;0;0;0;0;0;0;0;0;0;0
C100916;1;1;0;0;1;0;0;0;0;0;0;1
C100917;1;0;0;0;1;0;1;1;1;0;0;0
C100918;1;0;0;0;0;0;1;0;0;0;1;0
C100919;1;0;0;0;0;0;0;0;0;0;0;0
C100920;1;1;1;1;0;0;0;0;0;0;0;0
C100921;1;0;0;0;0;0;0;0;0;0;1;1
C100922;1;1;0;0;1;0;0;1;0;0;1;1
C100923;1;1;0;1;1;1;0;0;0;0;0;0
C100924;1;1;0;0;1;0;0;0;0;0;0;0
C100925;1;1;0;1;0;0;0;0;0;0;0;0
C100926;1;1;0;0;1;0;1;1;0;0;1;0
C100927;1;0;0;0;0;0;0;0;0;0;0;0
C100928;1;1;0;0;1;0;0;1;0;0;0;1
C100929;1;1;1;0;1;0;0;0;0;0;0;0
C100930;1;1;0;1;1;0;0;1;1;0;0;1
C100931;1;1;0;0;0;0;0;1;1;0;0;1
C100932;1;1;0;1;0;0;0;0;0;0;0;0
C100933;1;0;0;0;0;0;0;1;0;0;1;0
C100934;1;0;0;0;1;0;0;0;0;1;0;1
C100935;1;0;0;0;0;0;0;1;0;0;0;0
C100936;1;0;0;0;1;0;0;0;0;1;0;0
C100937;1;1;1;0;0;0;0;0;0;0;1;1
C100938;1;1;0;0;0;0;0;0;0;0;0;0
C100939;1;1;1;0;1;0;0;0;0;0;0;0
C100940;1;1;0;0;0;0;0;1;1;0;1;0
C100941;0;0;0;0;0;0;0;0;0;0;1;0
C100942;1;1;0;1;1;1;0;0;0;0;0;0
C100943;1;1;0;0;0;0;1;1;1;0;0;1
C100944;1;1;0;0;1;0;1;0;0;0;0;0
C100945;1;1;0;0;1;0;1;0;0;1;0;1
C100946;1;1;0;0;1;0;1;0;0;0;1;0
C100947;1;1;0;0;1;0;0;0;0;0;0;1
C100948;1;1;0;1;0;0;0;0;1;0;0;0
C100949;1;1;0;0;1;1;0;0;0;0;0;1
C100950;1;1;0;0;0;0;0;0;0;0;0;0
C100951;1;1;0;0;1;1;1;0;0;1;0;1
C100952;1;1;0;0;0;0;1;0;1;0;0;0
C100953;1;0;0;0;0;0;1;0;0;0;0;1
C100954;1;1;0;0;0;0;0;0;0;1;0;0
C100955;1;1;0;0;1;0;0;0;0;0;0;0
C100956;1;0;0;0;1;1;1;0;0;0;1;0
C100957;1;1;0;0;1;0;0;0;0;0;0;1
C100958;1;0;0;0;0;1;1;0;0;0;0;1
C100959;1;0;0;0;0;0;0;0;1;0;0;0
C100960;1;1;0;1;1;0;0;0;0;0;0;0
C100961;1;1;0;0;1;0;0;1;0;0;0;0
C100962;1;1;0;1;0;0;0;0;0;0;1;0
C100963;1;1;0;1;1;0;0;0;0;0;0;0
C100964;1;1;0;0;0;1;1;0;0;0;0;0
C100965;1;1;0;1;0;1;0;0;0;0;0;0
C100966;1;1;1;0;0;1;0;0;1;0;0;0
C100967;0;1;0;0;1;0;0;0;0;0;1;1
C100968;1;1;0;1;1;0;0;0;0;0;1;0
C100969;1;1;0;1;0;0;0;0;0;0;1;1
C100970;1;1;1;0;0;0;0;0;0;0;0;0
C100971;0;0;0;0;1;0;1;0;0;1;0;0
C100972;1;1;0;0;1;0;0;1;0;0;0;0
C100973;1;1;0;0;0;0;1;1;1;0;0;0
C100974;1;0;0;0;0;0;1;1;0;0;0;0
C100975;1;1;1;1;0;0;0;1;1;0;0;0
C100976;1;1;0;0;0;0;0;0;0;0;0;0
C100977;0;1;0;0;1;0;1;0;0;0;0;1
C100978;1;1;0;0;1;0;0;0;0;0;0;0
C100979;1;1;1;0;0;0;0;0;0;0;1;0
C100980;1;1;0;1;0;0;1;0;0;0;0;1
C100981;1;1;0;0;1;0;0;1;0;0;0;0
C100982;1;0;0;0;1;0;0;1;0;0;0;0
C100983;1;1;1;0;0;0;0;0;0;0;0;0
C100984;1;1;0;0;1;0;0;0;0;0;0;0
C100985;1;0;0;0;1;0;0;0;1;0;0;0
C100986;1;1;0;1;0;0;0;1;0;0;1;0
C100987;1;0;0;0;0;0;0;0;0;0;1;0
C100988;1;1;0;0;0;0;0;0;0;0;0;0
C100989;1;0;0;1;1;0;1;0;1;0;0;0
C100990;1;1;1;0;0;0;0;0;0;1;0;0
C100991;0;0;0;1;0;0;0;0;1;0;0;0
C100992;1;0;0;0;0;1;1;0;1;0;0;0
C100993;1;0;0;0;0;0;0;0;0;0;0;0
C100994;1;1;0;0;1;1;0;0;0;0;1;0
C100995;1;1;0;0;1;0;1;0;0;0;0;0
C100996;1;1;1;0;1;0;0;1;0;1;0;0
C100997;1;1;0;0;1;0;0;0;1;0;0;1
C100998;1;1;0;1;0;1;0;0;0;0;0;0
C100999;1;1;1;1;0;0;0;0;0;0;0;0
